Interview_ID,Application_ID,Round,Interview_Date,Result
I0001,A2961,HR Round,2025-05-14,Pass
I0002,A1342,HR Round,2025-01-14,Fail
I0003,A1667,Technical Round,2025-02-22,Pass
I0004,A1308,Manager Round,2025-10-25,Fail
I0005,A1688,HR Round,2025-04-13,Fail
I0006,A2562,Coding Round,2025-06-18,Fail
I0007,A0380,Manager Round,2025-07-27,Pass
I0008,A0846,HR Round,2025-01-18,Pass
I0009,A0388,Technical Round,2025-04-08,Fail
I0010,A2841,Coding Round,2025-06-06,Fail
I0011,A0670,Technical Round,2025-01-12,Fail
I0012,A2891,HR Round,2025-04-23,Pass
I0013,A0230,Technical Round,2025-11-27,Fail
I0014,A1145,HR Round,2025-12-22,Fail
I0015,A2457,Manager Round,2025-03-20,Fail
I0016,A2277,Manager Round,2025-03-22,Pass
I0017,A1663,Technical Round,2025-12-20,Pass
I0018,A2378,Manager Round,2025-06-26,Pass
I0019,A0477,Technical Round,2025-09-23,Pass
I0020,A1788,HR Round,2025-03-30,Pass
I0021,A0471,Coding Round,2025-01-02,Fail
I0022,A2754,Manager Round,2025-08-23,Pass
I0023,A2734,HR Round,2025-03-02,Fail
I0024,A2283,Coding Round,2025-01-07,Pass
I0025,A2351,Technical Round,2025-02-17,Fail
I0026,A1054,Technical Round,2025-12-06,Fail
I0027,A2719,Technical Round,2025-01-14,Pass
I0028,A0900,Technical Round,2025-03-22,Pass
I0029,A2731,HR Round,2025-06-09,Pass
I0030,A1717,Coding Round,2025-02-25,Fail
I0031,A0405,HR Round,2025-05-03,Pass
I0032,A0928,Technical Round,2025-06-04,Pass
I0033,A2274,Manager Round,2025-03-13,Pass
I0034,A1838,Manager Round,2025-01-02,Pass
I0035,A0773,Coding Round,2025-07-27,Pass
I0036,A1215,HR Round,2025-07-06,Fail
I0037,A0590,Technical Round,2025-01-03,Fail
I0038,A0254,Manager Round,2025-07-11,Fail
I0039,A1622,Manager Round,2025-02-20,Pass
I0040,A2367,Manager Round,2025-04-19,Pass
I0041,A2871,Technical Round,2025-10-08,Fail
I0042,A2928,Technical Round,2025-04-02,Fail
I0043,A1205,Technical Round,2025-01-02,Pass
I0044,A0866,HR Round,2025-11-13,Fail
I0045,A2821,Technical Round,2025-10-26,Fail
I0046,A1159,Manager Round,2025-01-26,Pass
I0047,A2551,Manager Round,2025-10-15,Fail
I0048,A1615,Coding Round,2025-01-02,Fail
I0049,A0376,Manager Round,2025-06-13,Pass
I0050,A0824,Coding Round,2025-08-19,Fail
I0051,A1558,HR Round,2025-11-16,Pass
I0052,A1427,HR Round,2025-02-16,Fail
I0053,A0083,Technical Round,2025-09-02,Pass
I0054,A2220,HR Round,2025-06-01,Pass
I0055,A0573,Coding Round,2025-06-29,Pass
I0056,A0078,HR Round,2025-08-10,Fail
I0057,A1013,Manager Round,2025-07-18,Fail
I0058,A2073,Coding Round,2025-11-14,Pass
I0059,A2680,Manager Round,2025-05-18,Fail
I0060,A0515,Manager Round,2025-12-04,Pass
I0061,A1985,HR Round,2025-07-01,Fail
I0062,A2575,HR Round,2025-11-24,Pass
I0063,A1099,Technical Round,2025-09-28,Pass
I0064,A1518,Manager Round,2025-04-20,Fail
I0065,A1929,HR Round,2025-03-11,Pass
I0066,A1126,Technical Round,2025-10-18,Pass
I0067,A0700,Coding Round,2025-05-21,Pass
I0068,A2710,Coding Round,2025-02-13,Pass
I0069,A1082,Coding Round,2025-02-19,Pass
I0070,A1247,Technical Round,2025-09-11,Pass
I0071,A2065,Technical Round,2025-09-01,Fail
I0072,A1604,Technical Round,2025-12-01,Pass
I0073,A2888,Coding Round,2025-09-15,Fail
I0074,A0701,Manager Round,2025-08-15,Fail
I0075,A0628,HR Round,2025-04-08,Pass
I0076,A1187,Technical Round,2025-04-08,Fail
I0077,A1643,Manager Round,2025-02-04,Fail
I0078,A2607,Technical Round,2025-04-22,Pass
I0079,A2980,Coding Round,2025-04-17,Fail
I0080,A1785,Manager Round,2025-02-18,Fail
I0081,A2125,HR Round,2025-04-05,Fail
I0082,A1198,HR Round,2025-01-06,Fail
I0083,A1548,HR Round,2025-05-26,Pass
I0084,A2091,Technical Round,2025-04-02,Pass
I0085,A0477,Coding Round,2025-08-02,Pass
I0086,A2185,HR Round,2025-11-05,Fail
I0087,A1821,Manager Round,2025-01-23,Pass
I0088,A0711,Technical Round,2025-09-12,Fail
I0089,A0649,HR Round,2025-05-21,Pass
I0090,A0481,Technical Round,2025-10-09,Fail
I0091,A1769,Coding Round,2025-05-02,Pass
I0092,A2090,Technical Round,2025-08-20,Pass
I0093,A2078,Technical Round,2025-05-27,Pass
I0094,A1045,Coding Round,2025-05-15,Fail
I0095,A2185,Manager Round,2025-11-21,Pass
I0096,A2770,Coding Round,2025-01-08,Pass
I0097,A2367,HR Round,2025-03-22,Pass
I0098,A2618,Technical Round,2025-08-14,Fail
I0099,A0175,Technical Round,2025-11-05,Pass
I0100,A1595,Manager Round,2025-02-17,Fail
I0101,A1902,Coding Round,2025-06-18,Pass
I0102,A1825,HR Round,2025-03-18,Pass
I0103,A0142,Coding Round,2025-04-06,Pass
I0104,A0740,HR Round,2025-05-30,Pass
I0105,A0509,Technical Round,2025-04-25,Fail
I0106,A2076,Manager Round,2025-12-09,Fail
I0107,A2499,Coding Round,2025-11-26,Pass
I0108,A1305,Technical Round,2025-01-06,Pass
I0109,A2085,Manager Round,2025-04-01,Pass
I0110,A0862,Coding Round,2025-03-06,Pass
I0111,A1194,Technical Round,2025-03-29,Fail
I0112,A1911,HR Round,2025-02-13,Pass
I0113,A0634,Technical Round,2025-11-13,Pass
I0114,A2087,Coding Round,2025-06-07,Fail
I0115,A0096,Coding Round,2025-01-14,Fail
I0116,A0007,Coding Round,2025-05-27,Fail
I0117,A1859,Coding Round,2025-01-27,Pass
I0118,A0138,Technical Round,2025-01-11,Fail
I0119,A1725,Coding Round,2025-08-24,Fail
I0120,A0348,Manager Round,2025-12-28,Pass
I0121,A0101,Manager Round,2025-01-09,Fail
I0122,A0064,Technical Round,2025-12-13,Pass
I0123,A1290,Technical Round,2025-09-11,Fail
I0124,A0428,Coding Round,2025-09-22,Pass
I0125,A0050,Technical Round,2025-10-16,Pass
I0126,A2555,HR Round,2025-08-20,Pass
I0127,A1426,Coding Round,2025-10-15,Pass
I0128,A2910,Technical Round,2025-02-03,Pass
I0129,A1028,Manager Round,2025-08-25,Fail
I0130,A0181,Technical Round,2025-12-01,Fail
I0131,A0339,HR Round,2025-03-22,Pass
I0132,A2292,HR Round,2025-04-13,Pass
I0133,A1175,Technical Round,2025-03-09,Fail
I0134,A2376,Manager Round,2025-06-10,Fail
I0135,A2018,Technical Round,2025-06-03,Pass
I0136,A1475,HR Round,2025-05-26,Pass
I0137,A2445,HR Round,2025-01-31,Pass
I0138,A1043,HR Round,2025-09-23,Pass
I0139,A2064,Technical Round,2025-11-19,Pass
I0140,A0770,Technical Round,2025-09-01,Fail
I0141,A2116,Coding Round,2025-04-27,Pass
I0142,A1784,HR Round,2025-05-26,Fail
I0143,A1271,HR Round,2025-06-28,Fail
I0144,A1750,Technical Round,2025-04-15,Pass
I0145,A0890,Manager Round,2025-08-28,Fail
I0146,A0613,Manager Round,2025-12-05,Fail
I0147,A0265,Technical Round,2025-03-15,Fail
I0148,A0893,Technical Round,2025-09-05,Fail
I0149,A0010,Technical Round,2025-09-20,Fail
I0150,A0168,HR Round,2025-03-02,Pass
I0151,A0552,Technical Round,2025-04-25,Fail
I0152,A2145,Technical Round,2025-10-09,Fail
I0153,A0833,Coding Round,2025-11-25,Fail
I0154,A1284,HR Round,2025-12-28,Pass
I0155,A1709,Technical Round,2025-05-10,Pass
I0156,A2148,HR Round,2025-12-21,Fail
I0157,A1390,Manager Round,2025-06-17,Fail
I0158,A0331,Technical Round,2025-11-16,Fail
I0159,A1944,HR Round,2025-05-18,Pass
I0160,A0305,HR Round,2025-01-23,Pass
I0161,A0930,Technical Round,2025-10-31,Pass
I0162,A0865,Technical Round,2025-06-19,Pass
I0163,A0184,Manager Round,2025-04-28,Pass
I0164,A2942,Manager Round,2025-02-25,Fail
I0165,A1033,HR Round,2025-01-26,Fail
I0166,A1615,Technical Round,2025-08-08,Fail
I0167,A1744,Manager Round,2025-10-09,Pass
I0168,A2589,HR Round,2025-10-18,Pass
I0169,A1286,Technical Round,2025-10-04,Pass
I0170,A0776,Technical Round,2025-09-15,Pass
I0171,A1383,HR Round,2025-12-10,Fail
I0172,A1406,Technical Round,2025-04-29,Pass
I0173,A1070,Coding Round,2025-08-31,Fail
I0174,A0420,Coding Round,2025-02-07,Pass
I0175,A2588,Manager Round,2025-11-06,Pass
I0176,A1176,Technical Round,2025-12-09,Pass
I0177,A1562,Technical Round,2025-04-17,Pass
I0178,A1798,Manager Round,2025-09-04,Fail
I0179,A0858,HR Round,2025-02-14,Pass
I0180,A1616,Manager Round,2025-12-17,Pass
I0181,A2311,Manager Round,2025-05-08,Pass
I0182,A1574,Coding Round,2025-02-05,Pass
I0183,A2511,Coding Round,2025-03-08,Pass
I0184,A0165,Technical Round,2025-05-07,Pass
I0185,A0126,Technical Round,2025-12-18,Pass
I0186,A1060,Manager Round,2025-08-09,Fail
I0187,A0690,Manager Round,2025-04-06,Pass
I0188,A0183,HR Round,2025-02-27,Fail
I0189,A1916,Manager Round,2025-06-17,Pass
I0190,A1310,Coding Round,2025-07-16,Pass
I0191,A0079,Manager Round,2025-04-03,Pass
I0192,A2603,Manager Round,2025-10-15,Pass
I0193,A0808,Coding Round,2025-11-11,Fail
I0194,A2545,HR Round,2025-12-13,Pass
I0195,A1438,Technical Round,2025-12-16,Pass
I0196,A2659,Coding Round,2026-01-01,Fail
I0197,A2942,Coding Round,2025-02-04,Pass
I0198,A1600,Manager Round,2025-01-28,Pass
I0199,A0093,Manager Round,2025-11-02,Fail
I0200,A2214,HR Round,2025-07-21,Pass
I0201,A2926,Manager Round,2025-06-11,Pass
I0202,A2760,Manager Round,2025-12-05,Pass
I0203,A1644,Technical Round,2025-11-06,Pass
I0204,A2384,HR Round,2025-08-07,Fail
I0205,A0593,Coding Round,2025-03-13,Fail
I0206,A2723,Coding Round,2025-07-07,Pass
I0207,A1769,Coding Round,2025-06-24,Fail
I0208,A0875,HR Round,2025-06-20,Pass
I0209,A0019,Coding Round,2025-09-07,Pass
I0210,A1390,Manager Round,2025-04-22,Fail
I0211,A2362,Coding Round,2025-04-23,Fail
I0212,A1209,Manager Round,2025-11-25,Pass
I0213,A0639,Coding Round,2025-02-21,Fail
I0214,A0862,Manager Round,2025-02-11,Fail
I0215,A1976,HR Round,2025-07-14,Pass
I0216,A0177,Technical Round,2025-11-15,Fail
I0217,A1124,HR Round,2025-01-17,Pass
I0218,A1361,Technical Round,2025-11-20,Fail
I0219,A2801,Technical Round,2025-05-10,Fail
I0220,A2771,Manager Round,2025-01-23,Pass
I0221,A0551,Technical Round,2025-10-10,Pass
I0222,A2948,HR Round,2025-12-29,Pass
I0223,A1584,Coding Round,2025-11-18,Pass
I0224,A0955,Technical Round,2025-03-28,Pass
I0225,A0416,Coding Round,2025-05-26,Pass
I0226,A2111,Technical Round,2025-06-08,Fail
I0227,A0488,HR Round,2025-02-22,Pass
I0228,A0648,Technical Round,2025-07-29,Fail
I0229,A0113,Technical Round,2025-07-22,Fail
I0230,A1635,HR Round,2025-10-30,Pass
I0231,A2810,Technical Round,2025-05-10,Fail
I0232,A0026,Coding Round,2025-09-06,Fail
I0233,A1028,Coding Round,2025-11-15,Pass
I0234,A0486,Technical Round,2025-03-24,Fail
I0235,A0378,HR Round,2025-05-22,Fail
I0236,A2688,Coding Round,2025-12-16,Fail
I0237,A0999,Technical Round,2025-05-20,Pass
I0238,A1182,Technical Round,2025-06-05,Pass
I0239,A2391,Manager Round,2025-05-23,Fail
I0240,A0260,Technical Round,2025-12-04,Fail
I0241,A1929,HR Round,2025-02-08,Pass
I0242,A1955,Coding Round,2025-07-01,Pass
I0243,A2835,Coding Round,2025-07-24,Pass
I0244,A1846,Manager Round,2025-12-30,Fail
I0245,A2741,Coding Round,2025-07-12,Pass
I0246,A1468,Manager Round,2025-03-23,Fail
I0247,A2062,Technical Round,2025-08-21,Fail
I0248,A2204,Manager Round,2025-11-12,Fail
I0249,A1821,Manager Round,2025-06-12,Fail
I0250,A1252,Technical Round,2025-02-22,Fail
I0251,A0052,Technical Round,2025-09-02,Fail
I0252,A0544,Manager Round,2025-04-02,Pass
I0253,A0536,Technical Round,2025-01-12,Fail
I0254,A2585,Coding Round,2025-06-01,Fail
I0255,A2564,Coding Round,2025-03-20,Pass
I0256,A0884,Manager Round,2025-11-18,Fail
I0257,A2713,HR Round,2025-11-15,Pass
I0258,A2019,Manager Round,2025-07-28,Pass
I0259,A1758,Technical Round,2025-10-10,Pass
I0260,A1120,Manager Round,2025-10-20,Fail
I0261,A0223,Technical Round,2025-08-18,Pass
I0262,A0404,Manager Round,2025-05-10,Fail
I0263,A1334,HR Round,2025-11-29,Pass
I0264,A2471,Technical Round,2025-04-22,Fail
I0265,A0380,Technical Round,2025-09-08,Fail
I0266,A0610,Technical Round,2025-10-15,Pass
I0267,A2575,Manager Round,2025-08-29,Fail
I0268,A0126,Technical Round,2025-06-03,Fail
I0269,A1613,Technical Round,2025-09-23,Fail
I0270,A0889,Coding Round,2025-04-30,Fail
I0271,A0414,Coding Round,2025-12-16,Fail
I0272,A1157,Manager Round,2025-05-16,Fail
I0273,A2179,Manager Round,2025-10-05,Fail
I0274,A0241,Coding Round,2025-02-04,Pass
I0275,A2045,Manager Round,2025-11-10,Fail
I0276,A0736,Coding Round,2025-08-06,Fail
I0277,A1119,Manager Round,2025-12-12,Fail
I0278,A1602,HR Round,2025-01-29,Pass
I0279,A1669,Technical Round,2025-10-24,Fail
I0280,A2146,Technical Round,2025-10-26,Pass
I0281,A2961,Technical Round,2025-09-21,Pass
I0282,A0599,Technical Round,2025-08-13,Pass
I0283,A0124,HR Round,2025-06-27,Pass
I0284,A2355,HR Round,2025-01-26,Fail
I0285,A1800,Coding Round,2025-12-03,Pass
I0286,A1660,Technical Round,2025-08-27,Pass
I0287,A1770,Coding Round,2025-09-16,Pass
I0288,A0441,Coding Round,2025-07-10,Fail
I0289,A1501,Manager Round,2025-10-20,Fail
I0290,A1998,HR Round,2025-08-05,Fail
I0291,A1715,Coding Round,2025-02-17,Pass
I0292,A0097,HR Round,2025-09-30,Pass
I0293,A1468,Manager Round,2025-11-27,Fail
I0294,A0217,Technical Round,2025-04-18,Fail
I0295,A0674,Manager Round,2025-11-21,Pass
I0296,A1057,HR Round,2025-05-16,Fail
I0297,A0473,HR Round,2025-12-03,Fail
I0298,A2732,HR Round,2025-10-15,Pass
I0299,A2108,Manager Round,2025-11-22,Fail
I0300,A2857,Manager Round,2025-08-03,Fail
I0301,A0212,HR Round,2025-08-26,Pass
I0302,A0213,HR Round,2025-05-01,Pass
I0303,A2848,Manager Round,2025-12-01,Pass
I0304,A2827,HR Round,2025-10-27,Pass
I0305,A1008,Manager Round,2025-02-11,Pass
I0306,A1156,Technical Round,2025-12-15,Pass
I0307,A0457,Coding Round,2025-11-29,Fail
I0308,A0616,Coding Round,2025-04-05,Fail
I0309,A0569,Technical Round,2025-10-30,Pass
I0310,A1396,Manager Round,2025-07-05,Pass
I0311,A1985,Technical Round,2025-08-06,Fail
I0312,A0008,Technical Round,2025-12-06,Pass
I0313,A1057,Technical Round,2025-05-28,Pass
I0314,A0872,Coding Round,2025-01-27,Pass
I0315,A0919,HR Round,2025-04-23,Fail
I0316,A1680,HR Round,2025-09-15,Fail
I0317,A1348,Manager Round,2025-03-13,Pass
I0318,A1266,Technical Round,2025-12-11,Pass
I0319,A2255,Coding Round,2025-01-19,Pass
I0320,A2829,Technical Round,2025-07-13,Fail
I0321,A1279,Technical Round,2025-01-14,Fail
I0322,A2533,Coding Round,2025-07-12,Pass
I0323,A0648,HR Round,2025-03-17,Pass
I0324,A1907,Manager Round,2025-12-11,Fail
I0325,A2822,Manager Round,2025-07-14,Pass
I0326,A1926,Technical Round,2025-11-29,Fail
I0327,A0352,Technical Round,2025-10-10,Pass
I0328,A2889,HR Round,2025-05-04,Pass
I0329,A1594,Coding Round,2025-01-25,Fail
I0330,A0028,HR Round,2025-11-06,Fail
I0331,A1364,HR Round,2025-06-05,Pass
I0332,A1419,HR Round,2025-03-31,Fail
I0333,A0938,Technical Round,2025-08-14,Fail
I0334,A2884,Manager Round,2025-08-12,Fail
I0335,A0790,Manager Round,2025-05-20,Fail
I0336,A1515,Technical Round,2025-05-25,Pass
I0337,A2833,Coding Round,2025-04-05,Fail
I0338,A0600,Technical Round,2025-10-06,Pass
I0339,A2833,HR Round,2025-10-15,Fail
I0340,A1417,Coding Round,2025-07-05,Pass
I0341,A2478,HR Round,2025-12-26,Fail
I0342,A1836,HR Round,2025-02-10,Pass
I0343,A2688,Coding Round,2025-08-09,Fail
I0344,A1342,Coding Round,2025-12-13,Pass
I0345,A2544,Technical Round,2025-03-22,Fail
I0346,A1492,Coding Round,2025-04-27,Pass
I0347,A2583,Manager Round,2025-11-17,Pass
I0348,A2508,HR Round,2025-06-04,Pass
I0349,A2099,HR Round,2025-07-19,Pass
I0350,A0367,Technical Round,2025-07-23,Fail
I0351,A2732,Coding Round,2025-10-11,Pass
I0352,A1253,Manager Round,2025-02-28,Fail
I0353,A2979,HR Round,2025-07-17,Fail
I0354,A1873,HR Round,2025-05-14,Pass
I0355,A1067,HR Round,2025-05-21,Fail
I0356,A0001,HR Round,2025-05-25,Pass
I0357,A0435,Technical Round,2025-03-12,Pass
I0358,A1499,Coding Round,2025-01-15,Fail
I0359,A0893,Coding Round,2025-12-09,Pass
I0360,A2799,Manager Round,2025-08-19,Pass
I0361,A1474,Technical Round,2025-04-26,Pass
I0362,A2092,Technical Round,2025-05-16,Pass
I0363,A0961,Technical Round,2025-05-24,Pass
I0364,A1254,Technical Round,2025-03-06,Pass
I0365,A2384,HR Round,2025-09-02,Pass
I0366,A2214,Manager Round,2025-09-02,Pass
I0367,A1931,Technical Round,2025-10-18,Pass
I0368,A0898,HR Round,2025-04-22,Pass
I0369,A0151,Manager Round,2025-02-23,Fail
I0370,A1072,HR Round,2025-07-14,Fail
I0371,A1777,Technical Round,2025-07-03,Fail
I0372,A0768,Technical Round,2025-09-25,Fail
I0373,A1307,Coding Round,2025-12-06,Fail
I0374,A2525,HR Round,2025-07-12,Fail
I0375,A1717,HR Round,2025-12-26,Pass
I0376,A2724,Coding Round,2025-03-29,Pass
I0377,A1305,Technical Round,2025-09-16,Pass
I0378,A1354,Technical Round,2025-11-07,Fail
I0379,A0083,Coding Round,2025-09-12,Fail
I0380,A1877,Coding Round,2025-10-20,Fail
I0381,A1771,Coding Round,2025-09-16,Fail
I0382,A1881,HR Round,2025-11-10,Fail
I0383,A0489,Technical Round,2025-04-03,Fail
I0384,A1799,Manager Round,2025-05-10,Pass
I0385,A2450,Technical Round,2025-09-26,Fail
I0386,A2660,Technical Round,2025-11-27,Pass
I0387,A0274,Coding Round,2025-07-11,Fail
I0388,A1393,Coding Round,2025-04-13,Pass
I0389,A1987,HR Round,2025-05-02,Pass
I0390,A2943,Manager Round,2025-08-23,Fail
I0391,A1212,Technical Round,2025-06-02,Pass
I0392,A2860,Technical Round,2025-04-30,Pass
I0393,A0700,Manager Round,2025-02-11,Fail
I0394,A2033,Technical Round,2025-02-12,Fail
I0395,A0001,Technical Round,2025-03-18,Pass
I0396,A2439,HR Round,2025-10-21,Fail
I0397,A2886,Manager Round,2025-09-02,Pass
I0398,A2045,Manager Round,2025-08-18,Pass
I0399,A0484,Technical Round,2025-08-24,Fail
I0400,A2146,HR Round,2025-08-28,Fail
I0401,A1997,Technical Round,2025-11-17,Pass
I0402,A0626,HR Round,2025-09-09,Pass
I0403,A2931,Manager Round,2025-01-25,Fail
I0404,A2018,HR Round,2025-04-27,Pass
I0405,A1456,Technical Round,2025-10-21,Fail
I0406,A1323,Technical Round,2025-01-14,Pass
I0407,A0518,Technical Round,2025-08-12,Pass
I0408,A2287,HR Round,2025-10-24,Fail
I0409,A0112,Technical Round,2025-11-01,Pass
I0410,A0262,Coding Round,2025-03-19,Fail
I0411,A0069,Technical Round,2025-12-03,Pass
I0412,A1129,HR Round,2025-03-26,Fail
I0413,A2895,Technical Round,2025-12-05,Fail
I0414,A1816,HR Round,2025-03-17,Pass
I0415,A0028,HR Round,2025-10-10,Fail
I0416,A0575,HR Round,2025-10-03,Fail
I0417,A1432,Technical Round,2025-01-27,Pass
I0418,A1476,HR Round,2025-07-03,Fail
I0419,A1171,HR Round,2025-05-15,Pass
I0420,A0863,HR Round,2025-11-19,Fail
I0421,A0619,Manager Round,2025-12-19,Fail
I0422,A0166,Technical Round,2025-10-06,Fail
I0423,A1454,Coding Round,2025-11-20,Fail
I0424,A2675,HR Round,2025-04-10,Pass
I0425,A2064,Technical Round,2025-03-13,Fail
I0426,A1178,HR Round,2025-04-03,Fail
I0427,A2985,Coding Round,2025-06-01,Fail
I0428,A2585,HR Round,2025-02-10,Fail
I0429,A1624,Technical Round,2025-12-20,Pass
I0430,A0537,HR Round,2025-05-25,Pass
I0431,A2073,Manager Round,2025-04-14,Fail
I0432,A0431,Technical Round,2025-08-03,Pass
I0433,A1542,Manager Round,2025-08-24,Pass
I0434,A2881,Manager Round,2025-04-14,Fail
I0435,A2444,Coding Round,2025-11-30,Pass
I0436,A2229,Manager Round,2025-01-29,Pass
I0437,A2982,Manager Round,2025-03-06,Fail
I0438,A2392,Coding Round,2025-09-22,Fail
I0439,A0190,Coding Round,2025-05-16,Pass
I0440,A1463,Manager Round,2025-11-19,Fail
I0441,A0496,Manager Round,2025-05-27,Pass
I0442,A1714,Manager Round,2025-01-22,Pass
I0443,A2868,Manager Round,2025-09-06,Pass
I0444,A2142,Technical Round,2025-01-09,Pass
I0445,A2254,Manager Round,2025-02-17,Fail
I0446,A0582,HR Round,2025-07-18,Pass
I0447,A1518,Technical Round,2025-11-10,Fail
I0448,A1845,Manager Round,2025-09-09,Fail
I0449,A0933,Coding Round,2025-08-08,Pass
I0450,A1120,Technical Round,2025-09-29,Fail
I0451,A1343,Manager Round,2025-11-23,Pass
I0452,A2927,Manager Round,2025-02-03,Fail
I0453,A0061,HR Round,2025-03-01,Fail
I0454,A0011,Coding Round,2025-11-16,Pass
I0455,A2869,Technical Round,2025-11-11,Pass
I0456,A1292,HR Round,2025-07-15,Pass
I0457,A0793,HR Round,2025-02-18,Pass
I0458,A0740,Technical Round,2025-08-13,Pass
I0459,A1791,HR Round,2025-12-13,Fail
I0460,A0144,Manager Round,2025-01-05,Fail
I0461,A0979,Coding Round,2025-05-12,Pass
I0462,A0717,Coding Round,2025-08-28,Pass
I0463,A2944,Technical Round,2025-02-22,Pass
I0464,A0559,Coding Round,2025-08-03,Fail
I0465,A1357,Technical Round,2025-08-28,Fail
I0466,A1145,Coding Round,2025-12-29,Fail
I0467,A0305,HR Round,2025-05-24,Pass
I0468,A2513,Coding Round,2025-03-25,Fail
I0469,A0020,Coding Round,2025-02-15,Fail
I0470,A1030,Coding Round,2025-01-02,Fail
I0471,A0787,HR Round,2025-06-08,Pass
I0472,A1309,Technical Round,2025-06-27,Pass
I0473,A0336,Coding Round,2025-04-23,Pass
I0474,A0186,Coding Round,2025-01-24,Fail
I0475,A0239,Technical Round,2025-05-16,Fail
I0476,A1806,HR Round,2025-11-25,Pass
I0477,A2679,Technical Round,2025-09-14,Fail
I0478,A0504,Manager Round,2025-12-13,Pass
I0479,A1777,Coding Round,2025-04-19,Pass
I0480,A0773,Manager Round,2025-01-30,Fail
I0481,A2303,Coding Round,2025-01-21,Fail
I0482,A2860,HR Round,2025-06-28,Pass
I0483,A0441,HR Round,2025-01-13,Fail
I0484,A0205,Technical Round,2025-02-28,Fail
I0485,A1234,Manager Round,2025-08-28,Fail
I0486,A0908,Technical Round,2025-12-04,Pass
I0487,A1234,Technical Round,2025-01-10,Fail
I0488,A0720,Coding Round,2025-12-29,Pass
I0489,A2671,Coding Round,2025-04-07,Pass
I0490,A2393,Coding Round,2025-02-06,Fail
I0491,A0708,HR Round,2025-11-30,Fail
I0492,A1419,Coding Round,2025-04-25,Fail
I0493,A1799,Coding Round,2025-06-05,Pass
I0494,A2834,Technical Round,2025-10-27,Pass
I0495,A1263,Coding Round,2025-04-27,Pass
I0496,A0825,HR Round,2025-02-26,Fail
I0497,A0985,HR Round,2025-12-13,Fail
I0498,A2773,Technical Round,2025-03-28,Pass
I0499,A1596,HR Round,2025-02-08,Fail
I0500,A1207,Manager Round,2025-04-11,Fail
I0501,A1501,HR Round,2025-08-29,Fail
I0502,A1028,Coding Round,2025-09-06,Pass
I0503,A1548,HR Round,2025-07-14,Pass
I0504,A1011,HR Round,2025-01-29,Pass
I0505,A0903,Technical Round,2025-08-03,Pass
I0506,A2492,Coding Round,2025-04-19,Pass
I0507,A1156,Technical Round,2025-04-30,Pass
I0508,A2875,Technical Round,2025-09-13,Fail
I0509,A0707,Technical Round,2025-01-15,Fail
I0510,A2188,Coding Round,2025-04-19,Pass
I0511,A2887,HR Round,2025-10-07,Fail
I0512,A1760,HR Round,2025-11-16,Fail
I0513,A2403,Manager Round,2025-03-20,Fail
I0514,A1010,Manager Round,2025-12-27,Fail
I0515,A1496,Coding Round,2025-08-22,Fail
I0516,A1955,Manager Round,2025-06-21,Pass
I0517,A2094,Technical Round,2025-12-04,Fail
I0518,A0608,Coding Round,2025-12-11,Pass
I0519,A0272,Technical Round,2025-10-25,Pass
I0520,A1594,Manager Round,2025-06-13,Fail
I0521,A0677,Coding Round,2025-11-01,Fail
I0522,A2256,Manager Round,2025-06-11,Fail
I0523,A1715,Manager Round,2025-06-06,Pass
I0524,A0604,Manager Round,2025-01-06,Pass
I0525,A1037,Technical Round,2025-07-12,Pass
I0526,A0236,Coding Round,2025-10-29,Pass
I0527,A2070,Coding Round,2025-02-01,Pass
I0528,A2624,Technical Round,2025-01-15,Fail
I0529,A0749,HR Round,2025-09-24,Fail
I0530,A2019,Coding Round,2025-06-14,Pass
I0531,A0490,Coding Round,2025-12-27,Fail
I0532,A2032,Manager Round,2025-10-19,Fail
I0533,A0017,HR Round,2025-03-07,Fail
I0534,A0368,Manager Round,2025-01-09,Pass
I0535,A0628,Technical Round,2025-11-28,Pass
I0536,A1064,Manager Round,2025-03-09,Pass
I0537,A1992,Technical Round,2025-06-27,Pass
I0538,A2166,Technical Round,2025-07-11,Fail
I0539,A0291,Manager Round,2025-04-13,Pass
I0540,A2545,HR Round,2025-08-14,Fail
I0541,A0169,Technical Round,2025-03-26,Fail
I0542,A0814,HR Round,2025-01-12,Pass
I0543,A2203,Coding Round,2025-11-01,Fail
I0544,A1580,Technical Round,2025-04-10,Pass
I0545,A0093,Coding Round,2025-11-12,Fail
I0546,A2245,HR Round,2025-12-27,Fail
I0547,A1745,HR Round,2025-12-04,Pass
I0548,A1673,Coding Round,2025-05-11,Fail
I0549,A0303,Coding Round,2025-06-28,Fail
I0550,A0108,HR Round,2025-01-04,Pass
I0551,A0002,Manager Round,2025-03-06,Fail
I0552,A1810,Coding Round,2025-01-06,Fail
I0553,A0977,Technical Round,2025-10-12,Pass
I0554,A1934,Technical Round,2025-03-02,Fail
I0555,A0028,HR Round,2025-04-21,Fail
I0556,A1105,Manager Round,2025-03-06,Fail
I0557,A2837,Manager Round,2025-01-08,Fail
I0558,A1820,Coding Round,2025-02-16,Pass
I0559,A0666,Manager Round,2025-09-29,Fail
I0560,A1882,Technical Round,2025-03-28,Pass
I0561,A2374,HR Round,2025-01-26,Fail
I0562,A0949,Coding Round,2025-12-02,Pass
I0563,A0488,Technical Round,2025-07-10,Fail
I0564,A1257,Manager Round,2025-10-23,Fail
I0565,A2663,Coding Round,2025-05-30,Pass
I0566,A2961,HR Round,2025-10-05,Pass
I0567,A2371,HR Round,2025-07-17,Fail
I0568,A0099,HR Round,2025-03-09,Fail
I0569,A0884,Technical Round,2025-02-13,Fail
I0570,A0686,Coding Round,2025-03-09,Fail
I0571,A2862,Technical Round,2025-02-20,Fail
I0572,A0047,Technical Round,2025-08-27,Pass
I0573,A0515,HR Round,2025-01-02,Fail
I0574,A0215,Manager Round,2025-08-22,Fail
I0575,A0949,Manager Round,2025-05-17,Pass
I0576,A1096,Coding Round,2025-03-17,Pass
I0577,A2635,Coding Round,2025-02-06,Pass
I0578,A1956,HR Round,2025-06-17,Pass
I0579,A1108,Technical Round,2025-01-31,Pass
I0580,A2700,Manager Round,2025-07-12,Fail
I0581,A0279,Technical Round,2025-06-20,Pass
I0582,A2161,Coding Round,2025-09-08,Pass
I0583,A1940,Coding Round,2025-12-02,Fail
I0584,A0225,Coding Round,2025-09-23,Fail
I0585,A1069,Technical Round,2025-03-09,Fail
I0586,A1661,Manager Round,2025-11-05,Fail
I0587,A1212,Manager Round,2025-02-03,Fail
I0588,A1968,Manager Round,2025-11-12,Fail
I0589,A0964,Coding Round,2025-06-26,Fail
I0590,A0497,Technical Round,2026-01-01,Fail
I0591,A2166,Manager Round,2025-10-24,Pass
I0592,A1197,Manager Round,2025-05-02,Fail
I0593,A0602,Coding Round,2025-06-27,Pass
I0594,A1324,Technical Round,2025-11-03,Fail
I0595,A0245,Coding Round,2025-02-18,Pass
I0596,A2541,Manager Round,2025-01-17,Fail
I0597,A1878,Technical Round,2025-04-10,Fail
I0598,A0152,HR Round,2025-09-27,Fail
I0599,A0045,Coding Round,2025-01-17,Fail
I0600,A0692,HR Round,2025-03-19,Pass
I0601,A0522,Coding Round,2025-10-17,Pass
I0602,A1602,Technical Round,2025-09-01,Pass
I0603,A2099,Technical Round,2025-10-29,Pass
I0604,A1367,HR Round,2025-09-19,Fail
I0605,A1891,HR Round,2025-07-23,Pass
I0606,A1755,Technical Round,2025-06-12,Fail
I0607,A2284,Manager Round,2025-11-14,Pass
I0608,A2722,HR Round,2025-11-01,Pass
I0609,A2240,HR Round,2025-06-10,Pass
I0610,A1556,Coding Round,2025-06-15,Pass
I0611,A2628,Technical Round,2025-08-27,Fail
I0612,A1788,Coding Round,2025-04-23,Pass
I0613,A1396,Technical Round,2025-07-02,Fail
I0614,A1336,HR Round,2025-04-26,Pass
I0615,A2316,Manager Round,2025-12-21,Fail
I0616,A1789,Technical Round,2025-04-14,Pass
I0617,A0873,Technical Round,2025-06-30,Pass
I0618,A1398,HR Round,2025-03-15,Fail
I0619,A0058,Manager Round,2025-09-12,Pass
I0620,A0157,Manager Round,2025-07-12,Fail
I0621,A1099,Technical Round,2025-10-12,Pass
I0622,A1112,Coding Round,2025-07-21,Fail
I0623,A0102,Technical Round,2025-02-14,Pass
I0624,A1175,Manager Round,2025-02-15,Fail
I0625,A2975,Manager Round,2025-12-22,Fail
I0626,A1602,Manager Round,2025-05-29,Fail
I0627,A1910,Manager Round,2025-12-02,Pass
I0628,A0346,Technical Round,2025-02-03,Fail
I0629,A0978,HR Round,2025-05-31,Pass
I0630,A2149,Manager Round,2025-03-27,Fail
I0631,A0820,Technical Round,2025-02-05,Fail
I0632,A2579,Coding Round,2025-06-22,Pass
I0633,A2119,Technical Round,2025-10-27,Pass
I0634,A0793,Manager Round,2025-07-30,Pass
I0635,A0033,HR Round,2025-08-18,Fail
I0636,A0058,HR Round,2025-01-15,Pass
I0637,A1863,HR Round,2025-05-29,Pass
I0638,A1622,HR Round,2025-12-08,Pass
I0639,A1987,HR Round,2025-11-08,Fail
I0640,A1902,HR Round,2025-08-16,Fail
I0641,A2392,Manager Round,2025-01-04,Pass
I0642,A1972,Manager Round,2025-10-07,Pass
I0643,A1731,HR Round,2025-01-26,Pass
I0644,A2788,Technical Round,2025-01-31,Pass
I0645,A1596,Technical Round,2025-11-26,Pass
I0646,A1148,Manager Round,2025-02-03,Fail
I0647,A0778,HR Round,2025-04-30,Fail
I0648,A0865,Technical Round,2025-04-13,Pass
I0649,A0092,Technical Round,2025-01-14,Fail
I0650,A0545,Technical Round,2025-03-20,Fail
I0651,A0055,HR Round,2025-06-01,Pass
I0652,A1069,HR Round,2025-10-08,Pass
I0653,A0303,Coding Round,2025-02-26,Fail
I0654,A1190,HR Round,2025-06-11,Pass
I0655,A0265,Technical Round,2025-04-24,Fail
I0656,A1069,HR Round,2025-01-07,Fail
I0657,A0291,Manager Round,2025-09-22,Fail
I0658,A1591,HR Round,2025-08-26,Fail
I0659,A0907,Technical Round,2025-07-17,Fail
I0660,A0747,Manager Round,2025-08-01,Fail
I0661,A0562,Technical Round,2025-08-24,Fail
I0662,A1087,Technical Round,2025-09-29,Fail
I0663,A2587,Technical Round,2025-11-13,Fail
I0664,A1252,HR Round,2025-03-14,Pass
I0665,A0832,Coding Round,2025-06-16,Fail
I0666,A0798,Coding Round,2025-04-16,Pass
I0667,A0773,Technical Round,2025-07-28,Fail
I0668,A2830,Coding Round,2025-11-25,Pass
I0669,A2589,Coding Round,2025-05-03,Fail
I0670,A1658,HR Round,2025-11-29,Pass
I0671,A0172,Technical Round,2025-01-22,Fail
I0672,A0350,Manager Round,2025-06-16,Fail
I0673,A0507,Coding Round,2025-08-29,Fail
I0674,A0448,Coding Round,2025-03-20,Fail
I0675,A0447,Technical Round,2025-07-27,Fail
I0676,A1796,Technical Round,2025-08-18,Fail
I0677,A0299,HR Round,2025-11-17,Pass
I0678,A2678,Manager Round,2025-10-08,Fail
I0679,A1884,HR Round,2025-07-03,Fail
I0680,A2047,Manager Round,2025-12-27,Pass
I0681,A0622,Technical Round,2025-05-26,Fail
I0682,A1779,HR Round,2025-10-28,Fail
I0683,A1088,HR Round,2025-06-15,Pass
I0684,A1972,Manager Round,2025-07-09,Fail
I0685,A1134,Coding Round,2025-09-02,Pass
I0686,A1137,Coding Round,2025-06-14,Pass
I0687,A0733,Manager Round,2025-02-17,Pass
I0688,A2858,Technical Round,2025-01-02,Pass
I0689,A1300,Manager Round,2025-04-26,Pass
I0690,A0721,Manager Round,2025-07-15,Pass
I0691,A2864,Coding Round,2025-10-18,Fail
I0692,A1316,Manager Round,2025-10-20,Fail
I0693,A2175,Manager Round,2025-05-08,Fail
I0694,A2033,Manager Round,2025-03-11,Pass
I0695,A1507,Manager Round,2025-10-10,Pass
I0696,A1168,Manager Round,2025-07-27,Fail
I0697,A0348,Coding Round,2025-09-08,Fail
I0698,A1426,Coding Round,2025-10-03,Pass
I0699,A0230,Technical Round,2025-05-12,Fail
I0700,A2078,Manager Round,2025-07-11,Fail
I0701,A1006,Coding Round,2025-03-08,Fail
I0702,A0352,Manager Round,2025-10-17,Fail
I0703,A0724,HR Round,2025-05-09,Pass
I0704,A0534,Coding Round,2025-02-26,Pass
I0705,A0269,Coding Round,2025-02-06,Fail
I0706,A1108,Manager Round,2025-04-07,Fail
I0707,A1513,Technical Round,2025-06-26,Fail
I0708,A1657,Coding Round,2025-08-23,Fail
I0709,A1752,HR Round,2025-04-30,Pass
I0710,A0623,Manager Round,2025-07-12,Fail
I0711,A0438,Technical Round,2025-03-07,Fail
I0712,A2971,Manager Round,2025-01-01,Fail
I0713,A1131,Coding Round,2025-02-07,Pass
I0714,A1810,Coding Round,2025-10-25,Fail
I0715,A0864,Technical Round,2025-07-23,Pass
I0716,A1864,Technical Round,2025-03-11,Fail
I0717,A1296,Technical Round,2025-10-04,Pass
I0718,A0512,Technical Round,2025-08-06,Fail
I0719,A2514,Technical Round,2025-10-26,Fail
I0720,A0833,Technical Round,2025-11-17,Fail
I0721,A1784,Technical Round,2025-06-13,Fail
I0722,A2695,Technical Round,2025-10-12,Fail
I0723,A0240,Manager Round,2025-03-03,Pass
I0724,A1005,HR Round,2025-10-25,Fail
I0725,A2770,Technical Round,2025-12-01,Pass
I0726,A2084,HR Round,2025-01-14,Fail
I0727,A1274,Technical Round,2025-02-05,Fail
I0728,A2263,Manager Round,2025-12-03,Fail
I0729,A1765,Technical Round,2025-04-04,Pass
I0730,A0153,Coding Round,2025-02-21,Fail
I0731,A2595,Manager Round,2025-07-03,Pass
I0732,A0505,HR Round,2025-07-02,Pass
I0733,A1834,HR Round,2025-12-27,Fail
I0734,A0445,Coding Round,2025-10-31,Fail
I0735,A2343,Manager Round,2025-01-18,Pass
I0736,A2519,Coding Round,2025-04-20,Pass
I0737,A1543,Coding Round,2025-07-25,Fail
I0738,A0980,HR Round,2025-10-30,Pass
I0739,A0535,Technical Round,2025-05-12,Pass
I0740,A2500,Technical Round,2025-02-26,Pass
I0741,A1727,Coding Round,2025-04-18,Pass
I0742,A2627,Manager Round,2025-04-20,Fail
I0743,A0310,Coding Round,2025-07-15,Pass
I0744,A1966,Manager Round,2025-11-01,Fail
I0745,A0938,Technical Round,2025-04-20,Pass
I0746,A1414,HR Round,2025-05-28,Pass
I0747,A1424,Manager Round,2025-02-02,Fail
I0748,A1919,Manager Round,2025-10-05,Pass
I0749,A2475,HR Round,2025-09-06,Pass
I0750,A0821,HR Round,2025-08-28,Fail
I0751,A0861,Technical Round,2025-11-30,Fail
I0752,A0386,Manager Round,2025-01-05,Pass
I0753,A1862,Coding Round,2025-01-13,Pass
I0754,A0218,HR Round,2025-10-31,Pass
I0755,A1830,Coding Round,2025-06-21,Pass
I0756,A1909,Coding Round,2025-05-04,Fail
I0757,A2027,Technical Round,2025-01-03,Fail
I0758,A1899,Coding Round,2025-09-07,Pass
I0759,A1331,Manager Round,2025-11-25,Fail
I0760,A0839,Technical Round,2025-08-17,Fail
I0761,A2265,Technical Round,2025-03-25,Pass
I0762,A0062,Coding Round,2025-12-22,Fail
I0763,A2462,HR Round,2025-08-30,Fail
I0764,A0262,Manager Round,2025-12-11,Pass
I0765,A2756,Technical Round,2025-03-02,Fail
I0766,A2577,Coding Round,2025-05-10,Fail
I0767,A1491,Technical Round,2025-05-18,Pass
I0768,A0862,HR Round,2025-07-17,Pass
I0769,A2867,HR Round,2025-03-19,Fail
I0770,A1348,Manager Round,2025-10-10,Fail
I0771,A0064,Manager Round,2025-05-22,Fail
I0772,A0055,Manager Round,2025-12-14,Fail
I0773,A1294,Coding Round,2025-12-18,Pass
I0774,A2235,Manager Round,2025-07-20,Fail
I0775,A2687,HR Round,2025-04-12,Fail
I0776,A1035,HR Round,2025-12-31,Pass
I0777,A2233,Technical Round,2025-03-04,Fail
I0778,A0152,HR Round,2025-09-09,Pass
I0779,A2818,Manager Round,2025-02-05,Pass
I0780,A2520,Manager Round,2025-01-31,Pass
I0781,A1089,Manager Round,2025-05-22,Fail
I0782,A2317,Technical Round,2025-11-28,Pass
I0783,A0071,HR Round,2025-10-02,Pass
I0784,A0113,HR Round,2025-05-29,Pass
I0785,A1793,Manager Round,2025-08-11,Pass
I0786,A2946,Manager Round,2025-07-15,Pass
I0787,A1388,Technical Round,2025-06-16,Fail
I0788,A0586,Manager Round,2025-05-25,Pass
I0789,A2635,Manager Round,2025-01-09,Pass
I0790,A1050,Technical Round,2025-12-12,Pass
I0791,A2806,Technical Round,2025-02-24,Fail
I0792,A0733,Technical Round,2025-08-01,Pass
I0793,A1919,Manager Round,2025-04-08,Pass
I0794,A2840,Coding Round,2025-01-28,Pass
I0795,A1775,Technical Round,2025-11-04,Pass
I0796,A0914,Technical Round,2025-09-17,Pass
I0797,A1273,Coding Round,2025-05-01,Fail
I0798,A2595,HR Round,2025-12-28,Fail
I0799,A1580,Coding Round,2025-10-21,Fail
I0800,A2054,Manager Round,2025-10-14,Pass
I0801,A2428,Technical Round,2025-10-11,Fail
I0802,A0262,HR Round,2025-04-20,Fail
I0803,A0706,Technical Round,2025-10-14,Fail
I0804,A2656,Technical Round,2025-01-28,Pass
I0805,A0214,HR Round,2025-03-26,Fail
I0806,A0454,Technical Round,2025-08-11,Fail
I0807,A1364,Coding Round,2025-03-15,Fail
I0808,A2800,HR Round,2025-02-10,Pass
I0809,A2594,Technical Round,2025-11-07,Pass
I0810,A1254,Coding Round,2025-03-03,Pass
I0811,A1275,Technical Round,2025-01-16,Pass
I0812,A2456,Technical Round,2025-09-03,Fail
I0813,A2362,HR Round,2025-03-03,Pass
I0814,A1337,HR Round,2025-11-02,Fail
I0815,A1943,Manager Round,2025-07-08,Fail
I0816,A0055,Manager Round,2025-10-27,Pass
I0817,A0852,Coding Round,2025-06-03,Fail
I0818,A1620,Manager Round,2025-04-02,Fail
I0819,A1639,Manager Round,2025-08-13,Pass
I0820,A1374,Manager Round,2025-01-13,Pass
I0821,A0437,Manager Round,2025-03-23,Fail
I0822,A0815,Coding Round,2025-02-14,Pass
I0823,A1830,HR Round,2025-03-02,Fail
I0824,A1513,Technical Round,2025-06-09,Fail
I0825,A0857,Technical Round,2025-05-31,Fail
I0826,A0203,Manager Round,2025-06-27,Pass
I0827,A1414,HR Round,2025-02-09,Pass
I0828,A1029,HR Round,2025-12-06,Pass
I0829,A1630,Coding Round,2025-03-12,Fail
I0830,A1656,Technical Round,2025-09-09,Fail
I0831,A1685,Manager Round,2025-10-29,Pass
I0832,A2231,Manager Round,2025-03-24,Pass
I0833,A1535,Coding Round,2025-12-24,Fail
I0834,A2131,Coding Round,2025-08-13,Pass
I0835,A1065,HR Round,2025-10-04,Pass
I0836,A1740,Manager Round,2025-01-11,Fail
I0837,A1422,HR Round,2025-07-16,Fail
I0838,A0341,Manager Round,2025-06-16,Fail
I0839,A1055,Technical Round,2025-08-02,Fail
I0840,A2107,HR Round,2025-03-02,Pass
I0841,A1886,Coding Round,2025-12-07,Fail
I0842,A1058,HR Round,2025-06-09,Pass
I0843,A0050,Coding Round,2025-09-12,Pass
I0844,A0302,HR Round,2025-11-09,Fail
I0845,A2778,Coding Round,2025-03-28,Pass
I0846,A1962,HR Round,2025-04-05,Pass
I0847,A2808,Coding Round,2025-08-23,Pass
I0848,A1349,HR Round,2025-01-03,Pass
I0849,A0670,Manager Round,2025-10-17,Fail
I0850,A2130,Manager Round,2025-09-09,Pass
I0851,A1996,Manager Round,2025-06-23,Pass
I0852,A0279,Technical Round,2025-10-18,Pass
I0853,A1683,Technical Round,2025-05-28,Fail
I0854,A1963,Manager Round,2025-02-28,Fail
I0855,A1057,Technical Round,2025-09-07,Fail
I0856,A2470,HR Round,2025-08-27,Fail
I0857,A1686,Coding Round,2025-05-30,Fail
I0858,A0698,Technical Round,2025-08-02,Pass
I0859,A0354,Coding Round,2025-08-20,Pass
I0860,A1555,HR Round,2025-10-23,Fail
I0861,A2990,HR Round,2025-05-07,Fail
I0862,A2482,Technical Round,2025-01-01,Fail
I0863,A2559,HR Round,2025-06-14,Pass
I0864,A1004,Technical Round,2025-05-03,Fail
I0865,A0831,Technical Round,2025-04-10,Pass
I0866,A1472,HR Round,2025-05-22,Fail
I0867,A1903,Technical Round,2025-10-20,Pass
I0868,A0942,Technical Round,2025-10-10,Fail
I0869,A1341,Technical Round,2025-11-18,Pass
I0870,A2432,Manager Round,2025-09-27,Pass
I0871,A1358,Technical Round,2025-08-19,Pass
I0872,A1099,HR Round,2025-11-17,Fail
I0873,A1118,Coding Round,2025-11-05,Pass
I0874,A2729,HR Round,2025-04-10,Fail
I0875,A0904,Technical Round,2025-05-13,Pass
I0876,A1803,Coding Round,2025-05-20,Pass
I0877,A1015,Technical Round,2025-11-13,Pass
I0878,A0685,HR Round,2025-10-16,Pass
I0879,A0125,Coding Round,2025-08-18,Pass
I0880,A0031,Technical Round,2025-11-23,Pass
I0881,A1488,Coding Round,2025-01-13,Fail
I0882,A1349,Coding Round,2025-10-27,Fail
I0883,A0702,HR Round,2025-02-14,Pass
I0884,A0340,Technical Round,2025-06-30,Fail
I0885,A1842,Manager Round,2025-03-06,Fail
I0886,A2831,Technical Round,2025-12-26,Pass
I0887,A1552,Manager Round,2025-08-20,Pass
I0888,A2271,Technical Round,2025-06-21,Pass
I0889,A2987,Coding Round,2025-10-23,Pass
I0890,A2834,Technical Round,2025-07-16,Fail
I0891,A1350,HR Round,2025-09-09,Fail
I0892,A2493,Coding Round,2025-08-22,Fail
I0893,A1645,HR Round,2025-09-28,Fail
I0894,A0315,Manager Round,2025-08-05,Pass
I0895,A1193,HR Round,2025-01-15,Pass
I0896,A1197,HR Round,2025-11-09,Pass
I0897,A0865,HR Round,2025-12-30,Pass
I0898,A0943,Coding Round,2025-10-07,Fail
I0899,A2176,Technical Round,2025-12-23,Fail
I0900,A2949,Coding Round,2025-11-24,Pass
I0901,A2947,HR Round,2025-01-31,Pass
I0902,A2795,HR Round,2025-10-28,Fail
I0903,A0415,Technical Round,2025-01-27,Fail
I0904,A1349,Manager Round,2025-06-18,Pass
I0905,A2581,HR Round,2025-12-05,Pass
I0906,A1756,Coding Round,2025-04-16,Fail
I0907,A0197,HR Round,2025-07-14,Fail
I0908,A1215,HR Round,2025-09-17,Fail
I0909,A1390,Manager Round,2025-11-20,Fail
I0910,A2431,Coding Round,2025-10-27,Fail
I0911,A0980,Coding Round,2025-03-24,Fail
I0912,A2235,Manager Round,2025-04-30,Pass
I0913,A0530,Manager Round,2025-02-14,Fail
I0914,A2183,Manager Round,2025-09-08,Pass
I0915,A2445,Technical Round,2025-11-18,Fail
I0916,A2968,Coding Round,2025-12-26,Pass
I0917,A0449,Manager Round,2025-12-14,Fail
I0918,A0745,Manager Round,2025-11-21,Pass
I0919,A2980,Technical Round,2025-08-16,Fail
I0920,A0511,Manager Round,2025-02-15,Fail
I0921,A2173,HR Round,2025-04-23,Pass
I0922,A1337,Technical Round,2025-06-03,Pass
I0923,A0695,HR Round,2025-01-06,Pass
I0924,A2019,Technical Round,2025-12-15,Pass
I0925,A2581,Manager Round,2025-06-24,Pass
I0926,A2070,Coding Round,2025-11-11,Fail
I0927,A1708,Coding Round,2025-05-23,Pass
I0928,A1353,Technical Round,2025-01-06,Fail
I0929,A0959,Technical Round,2025-12-08,Pass
I0930,A2857,Coding Round,2025-10-18,Fail
I0931,A0017,HR Round,2025-01-25,Fail
I0932,A1203,Manager Round,2025-10-04,Pass
I0933,A1835,HR Round,2025-02-01,Fail
I0934,A2456,Coding Round,2025-06-21,Pass
I0935,A1327,Manager Round,2025-08-11,Pass
I0936,A2034,Manager Round,2025-03-27,Pass
I0937,A2986,Coding Round,2025-02-05,Pass
I0938,A2328,Coding Round,2025-01-15,Fail
I0939,A2286,HR Round,2025-07-19,Fail
I0940,A0903,Technical Round,2025-09-26,Pass
I0941,A0066,Technical Round,2025-08-01,Fail
I0942,A0065,Technical Round,2025-03-02,Pass
I0943,A1857,HR Round,2025-12-09,Fail
I0944,A1412,HR Round,2025-05-30,Fail
I0945,A0373,Manager Round,2025-04-04,Pass
I0946,A2102,Coding Round,2025-10-29,Pass
I0947,A2035,Coding Round,2025-10-17,Pass
I0948,A1282,HR Round,2025-10-17,Pass
I0949,A1263,Coding Round,2025-05-16,Pass
I0950,A1146,Technical Round,2025-01-31,Fail
I0951,A1418,Technical Round,2025-07-22,Pass
I0952,A0123,Coding Round,2025-05-30,Pass
I0953,A0691,Coding Round,2025-08-19,Fail
I0954,A0967,Manager Round,2025-12-08,Fail
I0955,A0182,Coding Round,2025-06-27,Pass
I0956,A1262,HR Round,2025-10-04,Fail
I0957,A1268,Technical Round,2025-04-07,Pass
I0958,A1568,Manager Round,2025-03-04,Pass
I0959,A2623,Technical Round,2025-01-11,Pass
I0960,A0640,Manager Round,2025-12-12,Fail
I0961,A1831,Manager Round,2025-01-10,Pass
I0962,A0946,Technical Round,2025-10-09,Fail
I0963,A1809,Manager Round,2025-04-30,Pass
I0964,A2075,Manager Round,2025-06-04,Fail
I0965,A1439,Manager Round,2025-02-03,Pass
I0966,A2781,HR Round,2025-07-18,Pass
I0967,A0772,Manager Round,2025-04-19,Fail
I0968,A1045,Manager Round,2025-12-09,Fail
I0969,A0209,Technical Round,2025-07-10,Fail
I0970,A0860,Technical Round,2025-02-19,Fail
I0971,A2796,Coding Round,2025-03-16,Pass
I0972,A0916,Technical Round,2025-09-05,Fail
I0973,A1574,Coding Round,2025-03-06,Pass
I0974,A2114,Technical Round,2025-03-29,Fail
I0975,A2716,Manager Round,2025-04-06,Fail
I0976,A1340,Manager Round,2025-02-16,Fail
I0977,A2032,Manager Round,2025-11-18,Fail
I0978,A0375,HR Round,2025-12-05,Fail
I0979,A1705,Coding Round,2025-08-08,Pass
I0980,A0669,Manager Round,2025-02-08,Fail
I0981,A0406,Coding Round,2025-06-03,Fail
I0982,A1422,HR Round,2025-02-16,Fail
I0983,A1602,Coding Round,2025-03-23,Pass
I0984,A2463,Coding Round,2025-05-19,Fail
I0985,A1288,Coding Round,2025-10-22,Pass
I0986,A0858,Manager Round,2025-05-07,Fail
I0987,A1005,HR Round,2025-01-16,Pass
I0988,A2756,HR Round,2025-05-26,Fail
I0989,A1050,Coding Round,2025-09-15,Pass
I0990,A1388,Manager Round,2025-07-18,Pass
I0991,A0862,Coding Round,2025-07-01,Pass
I0992,A0745,Manager Round,2025-02-22,Fail
I0993,A0539,Manager Round,2025-11-17,Fail
I0994,A0936,HR Round,2025-01-18,Pass
I0995,A2165,Coding Round,2025-10-15,Pass
I0996,A2205,Coding Round,2025-03-11,Pass
I0997,A0221,Coding Round,2025-12-05,Pass
I0998,A1819,Coding Round,2025-04-24,Fail
I0999,A2193,Coding Round,2025-12-02,Pass
I1000,A0713,Technical Round,2025-07-05,Fail
I1001,A2714,Manager Round,2025-03-02,Fail
I1002,A2478,HR Round,2025-12-05,Fail
I1003,A2638,Coding Round,2025-04-19,Fail
I1004,A1792,HR Round,2025-10-31,Pass
I1005,A1667,Manager Round,2025-05-17,Fail
I1006,A1832,Coding Round,2025-10-11,Fail
I1007,A1380,Coding Round,2025-11-11,Pass
I1008,A0169,Technical Round,2025-09-06,Pass
I1009,A0570,Coding Round,2025-11-09,Fail
I1010,A2456,Coding Round,2025-06-26,Fail
I1011,A2638,Technical Round,2025-08-05,Fail
I1012,A1770,HR Round,2025-06-04,Fail
I1013,A0648,Manager Round,2025-08-06,Fail
I1014,A0064,Technical Round,2025-08-05,Fail
I1015,A2677,Coding Round,2025-04-04,Fail
I1016,A2267,Technical Round,2025-01-23,Fail
I1017,A1372,Coding Round,2025-06-01,Pass
I1018,A2815,Technical Round,2025-03-08,Fail
I1019,A0559,Manager Round,2025-11-07,Fail
I1020,A0295,Technical Round,2025-06-07,Fail
I1021,A1867,HR Round,2025-08-12,Fail
I1022,A1166,Manager Round,2025-05-27,Fail
I1023,A0668,HR Round,2025-08-02,Fail
I1024,A0319,Manager Round,2025-03-30,Fail
I1025,A2896,Technical Round,2025-02-09,Pass
I1026,A0471,HR Round,2025-02-22,Fail
I1027,A0851,HR Round,2025-09-26,Fail
I1028,A1897,Coding Round,2025-11-06,Fail
I1029,A0209,HR Round,2025-06-07,Pass
I1030,A2699,Manager Round,2025-07-25,Fail
I1031,A2990,HR Round,2025-05-20,Pass
I1032,A2506,Coding Round,2025-04-19,Fail
I1033,A0477,Technical Round,2025-05-01,Pass
I1034,A0335,Technical Round,2025-11-15,Pass
I1035,A1866,Manager Round,2025-03-20,Pass
I1036,A0579,Technical Round,2025-01-06,Pass
I1037,A2015,Technical Round,2025-04-23,Fail
I1038,A1655,Manager Round,2025-01-22,Pass
I1039,A2966,Technical Round,2025-04-25,Pass
I1040,A1765,Technical Round,2025-08-26,Fail
I1041,A0746,Coding Round,2025-04-29,Pass
I1042,A1852,Technical Round,2025-07-26,Pass
I1043,A2297,Coding Round,2025-06-20,Fail
I1044,A1396,HR Round,2025-02-20,Fail
I1045,A2853,Coding Round,2025-10-14,Fail
I1046,A2504,Manager Round,2025-12-24,Fail
I1047,A1897,Technical Round,2025-06-08,Fail
I1048,A1963,Coding Round,2025-03-12,Pass
I1049,A0388,Coding Round,2025-09-15,Pass
I1050,A0033,Coding Round,2025-04-08,Pass
I1051,A0127,HR Round,2025-11-25,Fail
I1052,A1246,Manager Round,2025-02-15,Pass
I1053,A0601,HR Round,2025-04-26,Fail
I1054,A1361,Technical Round,2025-03-18,Fail
I1055,A0288,HR Round,2025-05-17,Pass
I1056,A2497,HR Round,2025-09-08,Fail
I1057,A1907,HR Round,2025-07-07,Pass
I1058,A2263,Coding Round,2025-03-20,Fail
I1059,A2971,Technical Round,2025-12-05,Pass
I1060,A0676,Manager Round,2025-09-18,Fail
I1061,A1308,Coding Round,2025-11-01,Pass
I1062,A1929,Coding Round,2025-05-05,Pass
I1063,A2423,Technical Round,2025-04-06,Pass
I1064,A1482,HR Round,2025-10-01,Pass
I1065,A0241,Manager Round,2025-02-03,Pass
I1066,A2203,HR Round,2025-10-29,Fail
I1067,A1574,Manager Round,2025-06-06,Fail
I1068,A2217,HR Round,2025-10-16,Pass
I1069,A0650,Coding Round,2025-04-19,Fail
I1070,A1780,Manager Round,2025-10-16,Pass
I1071,A0323,Manager Round,2025-07-30,Fail
I1072,A1930,HR Round,2025-01-15,Pass
I1073,A2848,Technical Round,2025-08-03,Fail
I1074,A1580,Manager Round,2025-02-01,Fail
I1075,A2752,HR Round,2025-09-23,Pass
I1076,A0341,Technical Round,2025-09-21,Pass
I1077,A0809,HR Round,2025-03-03,Fail
I1078,A2572,HR Round,2025-06-16,Pass
I1079,A2254,HR Round,2025-02-12,Pass
I1080,A1624,HR Round,2025-05-20,Fail
I1081,A2018,HR Round,2025-03-28,Fail
I1082,A2179,HR Round,2025-08-06,Pass
I1083,A1269,Manager Round,2025-02-11,Fail
I1084,A1844,Technical Round,2026-01-01,Fail
I1085,A1043,Technical Round,2025-09-18,Fail
I1086,A1827,Manager Round,2025-08-26,Pass
I1087,A2532,Manager Round,2025-04-02,Pass
I1088,A0411,HR Round,2025-08-10,Pass
I1089,A2780,Manager Round,2025-05-05,Pass
I1090,A1646,Technical Round,2025-01-13,Fail
I1091,A1215,Manager Round,2025-11-11,Pass
I1092,A0754,Technical Round,2025-03-11,Pass
I1093,A0623,Coding Round,2025-08-07,Fail
I1094,A0276,Technical Round,2025-08-20,Fail
I1095,A2288,HR Round,2025-06-17,Fail
I1096,A2669,Coding Round,2025-12-20,Pass
I1097,A2175,Technical Round,2025-10-19,Pass
I1098,A1967,HR Round,2025-09-21,Fail
I1099,A0569,Manager Round,2025-12-21,Fail
I1100,A1554,Manager Round,2025-05-07,Pass
I1101,A1863,HR Round,2025-06-09,Pass
I1102,A2710,Coding Round,2025-10-17,Pass
I1103,A2508,HR Round,2025-05-19,Pass
I1104,A0285,Coding Round,2025-10-13,Fail
I1105,A2193,Coding Round,2025-03-03,Fail
I1106,A0637,Manager Round,2025-07-21,Pass
I1107,A0115,Manager Round,2025-02-01,Pass
I1108,A2194,Coding Round,2025-07-09,Fail
I1109,A2692,HR Round,2025-09-26,Pass
I1110,A1814,HR Round,2025-01-14,Fail
I1111,A2324,Coding Round,2025-03-28,Fail
I1112,A1607,Manager Round,2025-07-02,Pass
I1113,A1660,HR Round,2025-11-17,Fail
I1114,A1109,HR Round,2025-11-20,Pass
I1115,A0287,HR Round,2025-12-21,Fail
I1116,A0580,HR Round,2025-06-24,Fail
I1117,A0694,Manager Round,2025-09-24,Pass
I1118,A1204,Coding Round,2025-04-03,Pass
I1119,A1112,HR Round,2025-09-01,Fail
I1120,A0598,Manager Round,2025-12-07,Fail
I1121,A2745,Manager Round,2025-09-10,Pass
I1122,A0608,HR Round,2025-08-29,Pass
I1123,A1700,Technical Round,2025-12-25,Pass
I1124,A1373,HR Round,2025-05-07,Pass
I1125,A1188,Coding Round,2025-03-09,Pass
I1126,A2845,Technical Round,2025-09-13,Fail
I1127,A2301,Manager Round,2025-02-20,Fail
I1128,A0375,HR Round,2025-08-11,Fail
I1129,A2344,Manager Round,2025-05-12,Pass
I1130,A0522,HR Round,2025-11-12,Fail
I1131,A0587,Coding Round,2025-05-12,Fail
I1132,A0171,Coding Round,2025-09-21,Fail
I1133,A0561,Technical Round,2025-08-24,Pass
I1134,A1828,Coding Round,2025-11-07,Pass
I1135,A2699,Manager Round,2025-05-30,Fail
I1136,A0942,Technical Round,2025-06-25,Fail
I1137,A1343,HR Round,2025-04-28,Fail
I1138,A1013,Coding Round,2025-03-15,Fail
I1139,A2219,Manager Round,2025-09-29,Fail
I1140,A2568,Manager Round,2025-08-05,Pass
I1141,A0703,Coding Round,2025-06-15,Fail
I1142,A0093,Technical Round,2025-11-21,Pass
I1143,A1505,Coding Round,2025-08-16,Fail
I1144,A0334,Coding Round,2025-08-12,Fail
I1145,A0281,Manager Round,2025-01-15,Fail
I1146,A1329,Coding Round,2025-03-13,Fail
I1147,A2563,HR Round,2025-07-24,Pass
I1148,A1016,Technical Round,2025-04-07,Fail
I1149,A0401,HR Round,2025-11-17,Fail
I1150,A2715,HR Round,2025-05-21,Pass
I1151,A0650,HR Round,2025-05-03,Pass
I1152,A0584,Coding Round,2025-11-26,Fail
I1153,A0165,Technical Round,2025-02-27,Fail
I1154,A2177,HR Round,2025-11-12,Fail
I1155,A0933,Technical Round,2025-11-04,Pass
I1156,A0407,Manager Round,2025-03-01,Pass
I1157,A1181,Manager Round,2025-07-05,Fail
I1158,A0398,Manager Round,2025-05-15,Fail
I1159,A1942,Technical Round,2025-03-31,Fail
I1160,A1416,HR Round,2025-01-07,Pass
I1161,A1727,HR Round,2025-03-01,Fail
I1162,A0382,Coding Round,2025-07-24,Pass
I1163,A0946,Technical Round,2025-03-20,Fail
I1164,A0475,HR Round,2025-07-16,Pass
I1165,A2621,HR Round,2025-08-20,Pass
I1166,A2695,Manager Round,2025-11-21,Pass
I1167,A2314,Technical Round,2025-05-18,Fail
I1168,A1477,HR Round,2025-02-24,Pass
I1169,A1325,Technical Round,2025-03-02,Fail
I1170,A2201,Manager Round,2025-03-22,Fail
I1171,A2976,HR Round,2025-02-01,Fail
I1172,A2955,Technical Round,2025-09-28,Pass
I1173,A1648,Coding Round,2025-04-16,Fail
I1174,A2299,Coding Round,2025-01-02,Pass
I1175,A0726,Manager Round,2025-12-16,Pass
I1176,A0438,Coding Round,2025-03-15,Fail
I1177,A0833,Technical Round,2025-12-28,Fail
I1178,A0894,Manager Round,2025-12-21,Pass
I1179,A0598,HR Round,2025-10-31,Pass
I1180,A1258,Technical Round,2025-01-08,Fail
I1181,A2974,Coding Round,2025-10-15,Pass
I1182,A2856,Manager Round,2025-01-31,Fail
I1183,A2978,Coding Round,2025-05-14,Pass
I1184,A2764,Technical Round,2025-03-20,Fail
I1185,A0502,HR Round,2025-12-07,Pass
I1186,A1939,Manager Round,2025-05-07,Pass
I1187,A1885,Manager Round,2025-04-02,Pass
I1188,A2118,Technical Round,2025-11-16,Fail
I1189,A1371,Technical Round,2025-06-22,Pass
I1190,A2864,Technical Round,2025-12-29,Pass
I1191,A1171,Technical Round,2025-09-23,Fail
I1192,A1647,HR Round,2025-07-28,Fail
I1193,A1686,HR Round,2025-08-13,Fail
I1194,A0590,Coding Round,2025-12-21,Pass
I1195,A2135,HR Round,2025-04-15,Fail
I1196,A1320,Manager Round,2025-03-02,Pass
I1197,A2998,Coding Round,2025-07-28,Fail
I1198,A2584,HR Round,2025-11-18,Pass
I1199,A0250,Technical Round,2025-02-22,Fail
I1200,A2594,Technical Round,2025-10-03,Pass
I1201,A2030,Technical Round,2025-12-24,Pass
I1202,A0917,Coding Round,2025-01-07,Fail
I1203,A2395,HR Round,2025-03-18,Fail
I1204,A1223,Technical Round,2025-12-26,Fail
I1205,A1038,Technical Round,2025-08-17,Pass
I1206,A0246,Coding Round,2025-01-20,Pass
I1207,A0825,HR Round,2025-06-01,Fail
I1208,A0795,Coding Round,2025-04-27,Pass
I1209,A0858,Manager Round,2025-04-21,Pass
I1210,A0094,Coding Round,2025-07-16,Pass
I1211,A1936,Coding Round,2025-10-13,Pass
I1212,A2260,Manager Round,2025-02-16,Fail
I1213,A0965,Technical Round,2025-12-24,Pass
I1214,A2105,Manager Round,2025-10-19,Fail
I1215,A0664,Manager Round,2025-09-25,Fail
I1216,A1812,Technical Round,2025-10-17,Pass
I1217,A0014,Coding Round,2025-10-17,Fail
I1218,A0416,Coding Round,2025-10-11,Pass
I1219,A0873,HR Round,2025-11-14,Pass
I1220,A2897,Manager Round,2025-04-19,Fail
I1221,A0950,Technical Round,2025-08-31,Fail
I1222,A0104,Coding Round,2025-06-18,Fail
I1223,A2890,Manager Round,2025-11-05,Fail
I1224,A2197,Manager Round,2025-02-05,Pass
I1225,A1547,HR Round,2025-03-30,Pass
I1226,A1722,HR Round,2025-04-25,Pass
I1227,A0179,Manager Round,2025-12-26,Pass
I1228,A1877,HR Round,2025-11-23,Fail
I1229,A2327,Technical Round,2025-02-21,Fail
I1230,A0290,Coding Round,2025-10-16,Pass
I1231,A1597,Technical Round,2025-11-12,Pass
I1232,A2004,HR Round,2025-08-16,Pass
I1233,A1641,Manager Round,2025-11-05,Pass
I1234,A0844,Manager Round,2025-04-02,Fail
I1235,A2118,HR Round,2025-11-20,Pass
I1236,A2866,Manager Round,2025-04-16,Fail
I1237,A0302,Coding Round,2025-04-02,Fail
I1238,A2616,HR Round,2025-04-01,Fail
I1239,A1023,Technical Round,2025-07-13,Pass
I1240,A1236,Technical Round,2025-01-26,Pass
I1241,A2538,Manager Round,2025-07-08,Pass
I1242,A0740,HR Round,2025-09-16,Fail
I1243,A2259,Coding Round,2025-04-11,Pass
I1244,A1223,Technical Round,2025-07-08,Pass
I1245,A0943,Coding Round,2025-07-21,Fail
I1246,A2503,Coding Round,2025-02-05,Pass
I1247,A1409,HR Round,2025-06-22,Pass
I1248,A0776,Coding Round,2025-09-16,Fail
I1249,A1397,HR Round,2025-12-05,Pass
I1250,A2281,HR Round,2025-06-22,Pass
I1251,A2961,Technical Round,2025-01-27,Fail
I1252,A0751,HR Round,2025-03-11,Pass
I1253,A0261,Coding Round,2025-07-29,Fail
I1254,A2073,Technical Round,2025-04-19,Pass
I1255,A2950,Technical Round,2025-02-27,Pass
I1256,A2039,HR Round,2025-01-17,Fail
I1257,A2184,HR Round,2025-02-26,Fail
I1258,A0484,Technical Round,2025-12-09,Pass
I1259,A1097,Manager Round,2025-03-24,Pass
I1260,A0148,HR Round,2025-04-06,Fail
I1261,A0741,HR Round,2025-11-29,Fail
I1262,A0178,Technical Round,2025-09-28,Pass
I1263,A2044,Technical Round,2025-01-11,Fail
I1264,A2542,HR Round,2025-01-30,Pass
I1265,A2018,Coding Round,2025-11-29,Fail
I1266,A1095,Manager Round,2025-01-08,Pass
I1267,A0896,HR Round,2025-10-24,Pass
I1268,A2924,Coding Round,2025-03-31,Pass
I1269,A1858,HR Round,2025-12-10,Pass
I1270,A2926,Coding Round,2025-12-07,Pass
I1271,A2205,Coding Round,2025-08-21,Pass
I1272,A1183,Coding Round,2025-07-02,Fail
I1273,A2284,Coding Round,2025-12-13,Fail
I1274,A0356,Manager Round,2025-02-10,Fail
I1275,A1909,Manager Round,2025-04-06,Fail
I1276,A1129,Technical Round,2025-02-28,Pass
I1277,A1420,Coding Round,2025-05-15,Pass
I1278,A0170,Coding Round,2025-11-04,Pass
I1279,A1150,Coding Round,2025-05-12,Fail
I1280,A0172,Manager Round,2025-11-25,Pass
I1281,A2605,HR Round,2025-07-14,Pass
I1282,A1403,HR Round,2025-12-10,Pass
I1283,A1708,HR Round,2025-02-09,Pass
I1284,A2423,Technical Round,2025-07-09,Pass
I1285,A0884,HR Round,2025-03-23,Fail
I1286,A1081,Coding Round,2025-04-03,Fail
I1287,A0124,HR Round,2025-05-27,Fail
I1288,A2039,Technical Round,2025-10-08,Fail
I1289,A2745,Manager Round,2025-02-11,Fail
I1290,A2696,Technical Round,2025-02-20,Pass
I1291,A0230,HR Round,2025-03-06,Fail
I1292,A1289,HR Round,2025-01-29,Pass
I1293,A1762,Coding Round,2025-05-29,Fail
I1294,A2782,Technical Round,2025-11-03,Fail
I1295,A0627,HR Round,2025-03-05,Pass
I1296,A1035,HR Round,2025-10-18,Pass
I1297,A1689,Manager Round,2025-03-02,Pass
I1298,A1790,HR Round,2025-12-03,Fail
I1299,A1960,HR Round,2025-10-07,Pass
I1300,A1878,Technical Round,2025-09-13,Fail
I1301,A2347,HR Round,2025-12-28,Fail
I1302,A1880,Coding Round,2025-06-14,Pass
I1303,A1867,Coding Round,2025-08-24,Fail
I1304,A1165,Technical Round,2025-01-24,Fail
I1305,A1218,Technical Round,2025-06-28,Fail
I1306,A2740,HR Round,2025-02-27,Pass
I1307,A1697,Manager Round,2025-08-08,Fail
I1308,A2831,HR Round,2025-06-14,Fail
I1309,A0034,HR Round,2025-11-20,Fail
I1310,A0846,Coding Round,2025-01-28,Fail
I1311,A1621,HR Round,2025-02-15,Pass
I1312,A1862,Technical Round,2025-01-18,Pass
I1313,A2485,Technical Round,2025-10-22,Fail
I1314,A2527,Coding Round,2025-08-08,Fail
I1315,A0668,Manager Round,2025-09-18,Fail
I1316,A2063,HR Round,2025-03-14,Fail
I1317,A1778,HR Round,2025-02-24,Fail
I1318,A1603,Manager Round,2025-02-03,Fail
I1319,A2627,Manager Round,2025-09-19,Fail
I1320,A2890,HR Round,2025-11-24,Pass
I1321,A1240,Coding Round,2025-01-20,Pass
I1322,A1342,Technical Round,2025-06-14,Fail
I1323,A2629,Coding Round,2025-08-03,Fail
I1324,A0814,Coding Round,2025-07-09,Pass
I1325,A0232,HR Round,2025-05-24,Fail
I1326,A1442,HR Round,2025-01-21,Pass
I1327,A2713,Manager Round,2025-02-04,Fail
I1328,A0819,Manager Round,2025-08-10,Fail
I1329,A2821,HR Round,2025-03-20,Fail
I1330,A1184,Manager Round,2025-03-16,Fail
I1331,A2991,Manager Round,2025-09-15,Pass
I1332,A0635,HR Round,2025-10-06,Pass
I1333,A2764,Coding Round,2025-04-02,Fail
I1334,A1503,Technical Round,2025-02-18,Pass
I1335,A2206,Technical Round,2025-07-28,Fail
I1336,A1472,Technical Round,2025-05-13,Pass
I1337,A2884,Manager Round,2025-05-09,Fail
I1338,A0769,Technical Round,2025-01-31,Pass
I1339,A2326,Technical Round,2025-05-19,Fail
I1340,A0024,Manager Round,2025-08-15,Fail
I1341,A2616,Technical Round,2025-11-02,Pass
I1342,A2821,Coding Round,2025-06-04,Pass
I1343,A0624,Technical Round,2025-07-23,Pass
I1344,A0014,Coding Round,2025-02-23,Fail
I1345,A1423,Coding Round,2025-07-08,Pass
I1346,A1043,Manager Round,2025-09-13,Fail
I1347,A2783,Technical Round,2025-08-16,Fail
I1348,A2617,Coding Round,2025-03-17,Pass
I1349,A2070,Coding Round,2025-06-06,Pass
I1350,A2189,Coding Round,2025-05-31,Pass
I1351,A0612,Technical Round,2025-12-08,Fail
I1352,A2698,Coding Round,2025-12-20,Pass
I1353,A2115,Manager Round,2025-03-12,Fail
I1354,A0531,HR Round,2025-01-28,Pass
I1355,A1578,Coding Round,2025-09-05,Pass
I1356,A2329,HR Round,2025-12-22,Pass
I1357,A1931,Technical Round,2025-01-22,Fail
I1358,A1741,Coding Round,2025-08-27,Fail
I1359,A1601,Technical Round,2025-03-01,Fail
I1360,A1147,Technical Round,2025-11-19,Fail
I1361,A1173,Technical Round,2025-11-12,Pass
I1362,A1542,Manager Round,2025-01-12,Pass
I1363,A2726,Technical Round,2025-03-12,Pass
I1364,A0793,Technical Round,2025-01-23,Fail
I1365,A2638,HR Round,2025-05-03,Pass
I1366,A0440,Manager Round,2025-10-18,Fail
I1367,A1899,HR Round,2025-05-22,Pass
I1368,A2838,Technical Round,2025-11-29,Fail
I1369,A0918,Manager Round,2025-09-16,Pass
I1370,A0115,HR Round,2025-09-21,Pass
I1371,A0334,Technical Round,2025-07-14,Fail
I1372,A1407,HR Round,2025-05-09,Pass
I1373,A0249,Manager Round,2025-06-11,Fail
I1374,A0888,HR Round,2025-08-21,Fail
I1375,A2419,Technical Round,2025-10-10,Fail
I1376,A0294,Technical Round,2025-03-12,Pass
I1377,A1573,HR Round,2025-07-21,Pass
I1378,A2297,Technical Round,2025-12-30,Pass
I1379,A2174,Coding Round,2025-07-18,Pass
I1380,A0025,Technical Round,2025-11-23,Pass
I1381,A1242,HR Round,2025-11-26,Fail
I1382,A2570,Coding Round,2025-12-27,Fail
I1383,A0072,Coding Round,2025-04-02,Pass
I1384,A1942,HR Round,2025-07-09,Pass
I1385,A1067,Technical Round,2025-12-03,Pass
I1386,A1565,Coding Round,2025-10-21,Pass
I1387,A0351,HR Round,2025-05-13,Pass
I1388,A1772,Manager Round,2025-06-30,Pass
I1389,A1359,Coding Round,2025-11-25,Pass
I1390,A2055,HR Round,2025-11-25,Pass
I1391,A2630,HR Round,2025-12-27,Pass
I1392,A1207,Coding Round,2025-08-12,Pass
I1393,A0345,Manager Round,2025-04-25,Fail
I1394,A2898,Coding Round,2025-06-26,Fail
I1395,A2933,Technical Round,2025-05-14,Fail
I1396,A0710,HR Round,2025-06-24,Fail
I1397,A1369,HR Round,2025-01-22,Fail
I1398,A1023,Coding Round,2025-06-23,Fail
I1399,A2626,HR Round,2025-12-27,Fail
I1400,A2985,HR Round,2025-07-31,Fail
I1401,A1018,Coding Round,2025-08-29,Fail
I1402,A2836,Manager Round,2025-11-24,Fail
I1403,A2755,HR Round,2025-11-29,Fail
I1404,A2808,Manager Round,2025-03-15,Pass
I1405,A1784,Technical Round,2025-09-13,Pass
I1406,A0896,Technical Round,2025-03-04,Fail
I1407,A2129,HR Round,2025-12-31,Pass
I1408,A2974,Technical Round,2025-04-21,Fail
I1409,A0484,Manager Round,2025-09-23,Fail
I1410,A1027,Technical Round,2025-06-06,Fail
I1411,A1594,Manager Round,2025-06-26,Fail
I1412,A1095,Technical Round,2025-12-28,Fail
I1413,A1152,Coding Round,2025-11-23,Pass
I1414,A2393,Manager Round,2025-03-01,Fail
I1415,A2297,Technical Round,2025-08-26,Fail
I1416,A1677,Coding Round,2025-07-31,Fail
I1417,A2090,Coding Round,2025-08-21,Pass
I1418,A1640,Technical Round,2025-10-06,Pass
I1419,A2982,Technical Round,2025-11-28,Fail
I1420,A2683,Manager Round,2026-01-01,Pass
I1421,A1583,Manager Round,2025-08-06,Pass
I1422,A2393,HR Round,2025-12-28,Fail
I1423,A0273,HR Round,2025-08-26,Pass
I1424,A1597,Manager Round,2025-09-24,Fail
I1425,A2627,Coding Round,2025-08-20,Fail
I1426,A0125,Technical Round,2025-08-14,Fail
I1427,A2682,Technical Round,2025-04-15,Pass
I1428,A0483,Coding Round,2025-07-19,Fail
I1429,A2085,HR Round,2025-03-13,Fail
I1430,A2373,Manager Round,2025-04-24,Fail
I1431,A1936,Coding Round,2025-10-18,Fail
I1432,A0575,Coding Round,2025-11-05,Pass
I1433,A1208,Coding Round,2025-12-07,Pass
I1434,A2126,Technical Round,2025-02-11,Fail
I1435,A1866,Technical Round,2025-01-23,Pass
I1436,A0594,Manager Round,2025-12-15,Pass
I1437,A1780,Coding Round,2025-10-20,Pass
I1438,A2139,Technical Round,2025-11-17,Pass
I1439,A1323,Technical Round,2025-02-19,Fail
I1440,A1809,Coding Round,2025-07-27,Fail
I1441,A2720,HR Round,2025-01-24,Pass
I1442,A2515,Coding Round,2025-08-26,Pass
I1443,A0720,HR Round,2025-12-16,Pass
I1444,A0128,Coding Round,2025-04-01,Pass
I1445,A1701,Technical Round,2025-05-10,Pass
I1446,A0676,Technical Round,2025-06-17,Pass
I1447,A2804,Technical Round,2025-12-05,Pass
I1448,A1850,Coding Round,2025-01-03,Fail
I1449,A1878,Coding Round,2025-04-10,Pass
I1450,A2944,Coding Round,2025-03-20,Pass
I1451,A1681,HR Round,2025-04-03,Pass
I1452,A2421,Manager Round,2025-01-28,Pass
I1453,A2739,Manager Round,2025-12-09,Fail
I1454,A0104,Technical Round,2025-12-20,Pass
I1455,A2380,HR Round,2025-08-16,Pass
I1456,A1484,Coding Round,2025-07-14,Pass
I1457,A2272,Coding Round,2025-08-28,Fail
I1458,A2795,HR Round,2025-10-16,Pass
I1459,A2639,Manager Round,2025-02-22,Fail
I1460,A1674,Technical Round,2025-06-13,Pass
I1461,A2609,Manager Round,2025-06-07,Pass
I1462,A2898,HR Round,2025-03-23,Fail
I1463,A1220,Manager Round,2025-07-31,Pass
I1464,A0249,Manager Round,2025-04-05,Pass
I1465,A2091,Coding Round,2025-07-30,Pass
I1466,A0020,Coding Round,2025-11-04,Fail
I1467,A2829,Technical Round,2025-11-02,Fail
I1468,A2597,Coding Round,2025-10-11,Fail
I1469,A2339,Manager Round,2025-04-13,Fail
I1470,A1488,Manager Round,2025-12-26,Fail
I1471,A1011,Technical Round,2025-01-24,Pass
I1472,A2106,Technical Round,2025-03-20,Pass
I1473,A1601,Coding Round,2025-08-14,Pass
I1474,A2523,Technical Round,2025-03-04,Pass
I1475,A2237,HR Round,2025-08-09,Fail
I1476,A0490,Technical Round,2025-02-16,Pass
I1477,A2673,HR Round,2025-03-25,Pass
I1478,A0963,Coding Round,2025-05-03,Fail
I1479,A0365,Coding Round,2025-11-25,Fail
I1480,A1658,Coding Round,2025-05-30,Pass
I1481,A1687,Coding Round,2025-02-16,Fail
I1482,A2970,HR Round,2025-09-14,Fail
I1483,A2272,HR Round,2025-12-01,Fail
I1484,A0914,Technical Round,2025-08-29,Pass
I1485,A0435,Technical Round,2025-05-07,Pass
I1486,A0474,Coding Round,2025-01-19,Pass
I1487,A1720,Coding Round,2025-08-01,Pass
I1488,A1993,Manager Round,2025-11-06,Fail
I1489,A0794,Coding Round,2025-12-19,Pass
I1490,A0786,Coding Round,2025-10-25,Fail
I1491,A0635,Technical Round,2025-12-23,Pass
I1492,A0616,HR Round,2025-02-22,Pass
I1493,A0673,Coding Round,2025-11-15,Fail
I1494,A1585,Manager Round,2025-03-22,Fail
I1495,A2475,HR Round,2025-09-03,Pass
I1496,A0032,Coding Round,2025-06-02,Fail
I1497,A1739,Technical Round,2025-12-06,Pass
I1498,A1585,Coding Round,2025-08-05,Pass
I1499,A2566,Technical Round,2025-10-26,Pass
I1500,A2110,HR Round,2025-04-04,Fail
